<?xml version="1.0" encoding="UTF-8" ?>
<!DOCTYPE mapper
        PUBLIC "-//mybatis.org//DTD Mapper 3.0//EN"
        "http://mybatis.org/dtd/mybatis-3-mapper.dtd">
<mapper namespace="org.fisco.bcos.mapper.LoanApplyMapper">
    <select id="queryAllLoanApply" resultType="LoanApply">
            select * from loanapply;
    </select>
    <select id="queryLoanApplyByEnterprise" resultType="LoanApply">
            select * from loanapply
            where enterprise = #{enterprise};
    </select>

    <select id="queryLoanApplyByBank" resultType="LoanApply">
            select * from loanapply
            where bank= #{bank};
    </select>
    <select id="queryLoanApplyByID" resultType="LoanApply">
            select * from loanapply
            where ID= #{id};
    </select>
    <select id="queryLoanApplyByStatus" resultType="LoanApply">
            select * from loanapply
            where status= #{status};
    </select>

    <select id="queryLoanApplyByBankAndEnterpriseAndTime" resultType="LoanApply">
            select * from loanapply
            where enterprise = #{enterprise} and bank= #{bank} and updateTime=#{ts};
    </select>

    <select id="queryLoanApplyByBankAndStatus" resultType="LoanApply">
            select * from loanapply
            where bank= #{bank} and status= #{status};
    </select>

    <select id="queryLoanApplyByEnterpriseAndStatus" resultType="LoanApply">
            select * from loanapply
            where enterprise = #{enterprise} and status= #{status};
    </select>

    <select id="queryLoanApplyByBankAndEnterpriseAndStatus" resultType="LoanApply">
            select * from loanapply
            where bank= #{bank} and enterprise = #{enterprise} and status= #{status};
    </select>


    <insert id="addLoanApply" parameterType="LoanApply" >
        insert into loanapply (enterprise, bank, coID, inID, loanPurpose, status, applyTime,dueTime)
        values (#{enterprise}, #{bank}, #{coID},#{inID},#{loanPurpose},#{status}, #{applyTime},#{dueTime})
    </insert>

    <update id="updateLoanApply" parameterType="LoanApply">
            update loanapply
            set  enterprise=#{enterprise}, bank=#{bank},  coID=#{coID}, inID=#{inID},  loMoney=#{loMoney}, status=#{status}, updateTime=#{updateTime},applyTime=#{applyTime},dueTime=#{dueTime}
            where ID=#{ID};
     </update>

<!--    <delete id="deleteRespository" parameterType="int">-->
<!--            delete from loanapply-->
<!--            where ID=#{id}-->
<!--    </delete>-->
</mapper>